{"Andhra Pradesh": {"Population": 84580777.0, "Area": 275045.0}, "Arunachal Pradesh": {"Population": 1383727.0, "Area": 83743.0}, "Assam": {"Population": 31205576.0, "Area": 78438.0}, "Bihar": {"Population": 104099452.0, "Area": 94163.0}, "Chhattisgarh": {"Population": 25545198.0, "Area": 135192.0}, "Goa": {"Population": 1458545.0, "Area": 3702.0}, "Gujarat": {"Population": 60439692.0, "Area": 196244.0}, "Haryana": {"Population": 25351462.0, "Area": 44212.0}, "Himachal Pradesh": {"Population": 6864602.0, "Area": 55673.0}, "Jammu & Kashmir": {"Population": 12541302.0, "Area": 222236.0}, "Jharkhand": {"Population": 32988134.0, "Area": 79716.0}, "Karnataka": {"Population": 61095297.0, "Area": 191791.0}, "Kerala": {"Population": 33406061.0, "Area": 38852.0}, "Madhya Pradesh": {"Population": 72626809.0, "Area": 308252.0}, "Maharashtra": {"Population": 112374333.0, "Area": 307713.0}, "Manipur": {"Population": 2855794.0, "Area": 22327.0}, "Meghalaya": {"Population": 2966889.0, "Area": 22429.0}, "Mizoram": {"Population": 1097206.0, "Area": 21081.0}, "Nagaland": {"Population": 1978502.0, "Area": 16579.0}, "Odisha": {"Population": 41974218.0, "Area": 155707.0}, "Punjab": {"Population": 27743338.0, "Area": 50362.0}, "Rajasthan": {"Population": 68548437.0, "Area": 342239.0}, "Sikkim": {"Population": 610577.0, "Area": 7096.0}, "Tamil Nadu": {"Population": 72147030.0, "Area": 130060.0}, "Uttar Pradesh": {"Population": 199812341.0, "Area": 240928.0}, "Uttarakhand": {"Population": 10086292.0, "Area": 53483.0}, "West Bengal": {"Population": 91276115.0, "Area": 88752.0}, "Chandigarh": {"Population": 1055450.0, "Area": 114.0}, "Dadra & Nagar Haveli": {"Population": 343709.0, "Area": 491.0}, "Daman & Diu": {"Population": 243247.0, "Area": 111.0}, "Delhi": {"Population": 16787941.0, "Area": 1483.0}, "Puducherry": {"Population": 1247953.0, "Area": 490.0}}